{"Train Accuracy":0.5689277899343544,"_runtime":3.4460503,"_wandb":{"runtime":3},"Validation Accuracy":0.5851528384279476,"_timestamp":1.7287490910803843e+09,"Epoch":500,"Train Loss":1.0269020406907123,"_step":1500,"Validation Loss":0.957558316062487}