{"Epoch":500,"Train Accuracy":0.4234135667396061,"Validation Loss":1.4613753049861882,"_wandb":{"runtime":1},"Validation Accuracy":0.4192139737991266,"Train Loss":1.4820789283178206,"_step":1500,"_timestamp":1.7287492414694016e+09,"_runtime":1.1030726}