{"Train RMSE":2.107507302852731,"Train R-squared":0.9488728789755033,"_runtime":18.0018965,"Validation R-squared":0.7968407910151245,"Validation Loss":12.858492312381644,"Train MSE":4.441587031577592,"_timestamp":1.7288064728336604e+09,"_step":2000,"Epoch":1000,"Train Loss":90.58707855678914,"Validation MSE":12.858492312381644,"Validation RMSE":3.5858739956085524,"_wandb":{"runtime":18}}