{"_runtime":7.7885967,"_wandb":{"runtime":7},"_timestamp":1.728749367377839e+09,"Validation Loss":1.333633599410723,"Epoch":500,"_step":1500,"Train Loss":0.4772820099128541,"Train Accuracy":0.8205689277899344,"Validation Accuracy":0.5589519650655022}