{"Epoch":500,"Validation Accuracy":0.6200873362445415,"_wandb":{"runtime":30},"Train Loss":1.4539383089454596,"Validation Loss":0.8788169883020924,"_timestamp":1.7287487820650718e+09,"_runtime":30.271633,"_step":1500,"Train Accuracy":0.5973741794310722}