{"Train Loss":108.91908514475709,"_step":2000,"Validation RMSE":3.6002481052483484,"_runtime":18.1156659,"Validation R-squared":0.7952087840462259,"Epoch":1000,"Train RMSE":2.029048865917034,"Train MSE":4.117039300279202,"Validation MSE":12.961786419344323,"_wandb":{"runtime":18},"_timestamp":1.7288062493899958e+09,"Validation Loss":12.961786419344323,"Train R-squared":0.9526087488387637}