{"Validation Recall":0.2,"Epoch":500,"Validation Accuracy":0.4192139737991266,"Train Accuracy":0.4234135667396061,"Validation Loss":1.148343934963824,"Validation F1 Score":0.11815384615384614,"_step":2000,"Validation Precision":0.08384279475982533,"_runtime":1.8317215,"Train Loss":1.2110648564631215,"_wandb":{"runtime":1},"_timestamp":1.7287372100537286e+09}