{"Epoch":500,"Validation Loss":0.8852844365587209,"_step":1500,"Validation Accuracy":0.6200873362445415,"Train Loss":0.9186922763080554,"Train Accuracy":0.6028446389496718,"_runtime":3.2799758,"_wandb":{"runtime":3},"_timestamp":1.728743784302611e+09}