{"Validation R-squared":0.8041935215762708,"Epoch":1000,"_timestamp":1.7288065268735647e+09,"_runtime":17.9363528,"Validation Loss":12.393118235233356,"Train MSE":3.682338796901157,"Train Loss":102.2884616022068,"_wandb":{"runtime":17},"_step":2000,"Train R-squared":0.9576125875764964,"Validation RMSE":3.5203860917850127,"Validation MSE":12.393118235233356,"Train RMSE":1.9189421035823768}