{"Validation R-squared":0.8297607160875131,"_step":2000,"Train MSE":0.8091309883855025,"Train R-squared":0.9906860908783853,"Epoch":1000,"Train RMSE":0.899517086210986,"_timestamp":1.7288061436383178e+09,"Validation RMSE":3.282514552081172,"Validation MSE":10.774901784624657,"_wandb":{"runtime":3},"Train Loss":0.8193658632449922,"_runtime":3.6704388999999997,"Validation Loss":10.774901784624657}