{"Train MSE":0.6682445601024468,"Epoch":1000,"Train R-squared":0.9923078349573206,"_step":2000,"Train RMSE":0.8174622683050556,"Validation RMSE":4.002788990654871,"Validation Loss":16.02231970370784,"Validation R-squared":0.7468535409883397,"Validation MSE":16.02231970370784,"_timestamp":1.7288063307135997e+09,"_wandb":{"runtime":24},"Train Loss":104.782263355475,"_runtime":24.9689418}