{"Validation Loss":1.1424210773239143,"Validation Precision":0.08384279475982533,"Validation F1 Score":0.11815384615384614,"Validation Recall":0.2,"_step":2000,"_wandb":{"runtime":2},"_timestamp":1.7287378898648732e+09,"Train Accuracy":0.4234135667396061,"Validation Accuracy":0.4192139737991266,"_runtime":2.3813668,"Epoch":500,"Train Loss":1.2048301391230316}