{"Epoch":245,"Train Loss":3.5333232348713453,"_timestamp":1.7288076616331275e+09,"_runtime":1.1544423,"_step":489,"Validation Loss":8.916545210142075,"_wandb":{"runtime":1}}