{"_timestamp":1.728814228120962e+09,"_runtime":7.4623027,"_step":999,"Validation Loss":0.4263047853730484,"_wandb":{"runtime":7},"Epoch":500,"Train Loss":0.3115630336732361}