{"_step":2000,"Train Loss":97.98622723366815,"Validation MSE":14.816830818277953,"_runtime":17.8438167,"Epoch":1000,"_timestamp":1.7288065534432354e+09,"Validation RMSE":3.849263672220695,"Validation Loss":14.816830818277953,"Train MSE":4.400788295380077,"Train RMSE":2.097805590463539,"_wandb":{"runtime":17},"Validation R-squared":0.765899799480727,"Train R-squared":0.9493425133445671}