{"Validation Loss":20.37730678220795,"_wandb":{"runtime":3},"Epoch":1000,"Train Loss":0.6790991217517784,"_timestamp":1.7288076242320507e+09,"_runtime":3.0021698,"_step":1999}