{"loss":522946.5198012721,"_runtime":5.1875746,"_wandb":{"runtime":5},"r2":-309734.3957214202,"_timestamp":1.7288025760254178e+09,"rmse":619.9934469412794,"_step":999,"val_loss":384391.87425012916,"epoch":999}