{"_step":1500,"Validation Loss":0.8849939032593507,"_wandb":{"runtime":7},"_runtime":7.6885147,"Validation Accuracy":0.6637554585152838,"_timestamp":1.7287494423868399e+09,"Epoch":500,"Train Loss":0.9480267462357558,"Train Accuracy":0.6159737417943107}