{"Validation Accuracy":0.6375545851528385,"Train Accuracy":0.6137855579868708,"Validation Loss":0.8883884596509015,"_runtime":23.3670702,"Train Loss":1.415550757257419,"_wandb":{"runtime":23},"_timestamp":1.728744302455178e+09,"_step":1500,"Epoch":500}