{"Train R-squared":0.9517283882787806,"Train Loss":111.62146608499958,"Train RMSE":2.04780839404599,"_step":2000,"_timestamp":1.7288063870424378e+09,"_wandb":{"runtime":17},"Validation Loss":15.782511334492296,"Validation RMSE":3.972720898136729,"Epoch":1000,"_runtime":17.7398629,"Validation MSE":15.782511334492296,"Validation R-squared":0.7506424205407947,"Train MSE":4.193519218725217}