{"_runtime":7.7282917,"Train Accuracy":0.6072210065645515,"_timestamp":1.7287495121684556e+09,"_wandb":{"runtime":7},"Train Loss":0.9504066317772303,"Validation Accuracy":0.6506550218340611,"Validation Loss":0.8882467186218255,"_step":1500,"Epoch":500}