{"_wandb":{"runtime":7},"Epoch":500,"Train Loss":0.3115630336727261,"_timestamp":1.7288134690134447e+09,"_runtime":7.5295347,"_step":999,"Validation Loss":0.4263047853551426}