{"Train MSE":4.159167225885413,"Validation Loss":11.430178319966206,"_runtime":17.7944661,"_step":2000,"Validation MSE":11.430178319966206,"Validation R-squared":0.8194076000804249,"Train Loss":96.10242025292658,"Train RMSE":2.0394036446680714,"_timestamp":1.728806440308106e+09,"Train R-squared":0.9521238141666146,"_wandb":{"runtime":17},"Epoch":1000,"Validation RMSE":3.3808546730029976}