{"_wandb":{"runtime":2},"Train Loss":0.8803835847503988,"_runtime":2.0854179,"_timestamp":1.7287492271581259e+09,"Validation Loss":0.8722982763078965,"_step":1500,"Train Accuracy":0.6345733041575492,"Epoch":500,"Validation Accuracy":0.6026200873362445}