{"_timestamp":1.728806184397572e+09,"Train MSE":4.7353474661077435,"_wandb":{"runtime":1},"Train R-squared":0.9454914017734013,"Epoch":1000,"_runtime":1.7287819,"_step":2000,"Validation RMSE":4.076739698660795,"Train RMSE":2.176085353589731,"Validation MSE":16.619806570636907,"Validation R-squared":0.7374134794076148,"Train Loss":4.736753077081456,"Validation Loss":16.619806570636907}