{"Validation Accuracy":0.6699029126213593,"Train Loss":0.911771904113553,"_timestamp":1.7287696097331793e+09,"Validation Loss":0.9332451564612977,"_wandb":{"runtime":4},"_step":1499,"Train Accuracy":0.6324324324324324,"Epoch":500,"_runtime":4.0135365}