{"Validation Accuracy":0.5938864628820961,"Train Accuracy":0.6925601750547046,"Train Loss":1.879487116222719,"Validation Loss":1.0554819381216327,"_wandb":{"runtime":25},"_timestamp":1.7287490368833735e+09,"_runtime":25.8323946,"Epoch":500,"_step":1500}