{"Train RMSE":2.07477503548306,"_timestamp":1.7288064092717767e+09,"Train Loss":102.89342508008568,"Validation Loss":13.369181592834645,"Validation MSE":13.369181592834645,"Validation RMSE":3.6563891467997007,"_wandb":{"runtime":17},"Epoch":1000,"_runtime":17.8586237,"Train MSE":4.304691447863732,"Validation R-squared":0.7887720977551859,"_step":2000,"Train R-squared":0.9504486844311879}