{"loss":123.80899022687623,"val_loss":65.76394450532521,"rmse":8.109497179562073,"epoch":999,"_timestamp":1.728801441155988e+09,"_runtime":4.986363,"_step":999,"_wandb":{"runtime":4},"r2":-51.99129024330976}