{"_wandb":{"runtime":1},"Train Loss":0.9017042455006525,"Train Accuracy":0.6281081081081081,"_runtime":1.8134683,"Validation Accuracy":0.6504854368932039,"Epoch":100,"_timestamp":1.7287699125725594e+09,"_step":299,"Validation Loss":0.8983039161561066}