{"Validation Loss":0.9696352403213264,"_runtime":1.848706,"_wandb":{"runtime":1},"Train Loss":1.0181836832087878,"_timestamp":1.7287486143966742e+09,"_step":1500,"Train Accuracy":0.6028446389496718,"Validation Accuracy":0.6157205240174672,"Epoch":500}