{"_timestamp":1.7288059294103982e+09,"Validation R-squared":0.6053562800239665,"_step":2000,"Validation RMSE":4.997805679879086,"Train R-squared":0.8188671229308413,"_wandb":{"runtime":3},"Train RMSE":3.966816050317241,"Train MSE":15.735629577054478,"Train Loss":15.7454313434081,"Validation Loss":24.978061613831656,"_runtime":3.8481296,"Validation MSE":24.978061613831656,"Epoch":1000}