{"_step":1500,"Validation Loss":0.9418691420597194,"Validation Accuracy":0.5895196506550219,"_timestamp":1.7287489976806445e+09,"Epoch":500,"Train Loss":0.7917132499576032,"_runtime":2.3078746,"Train Accuracy":0.6859956236323851,"_wandb":{"runtime":2}}