{"_timestamp":1.7288172234233932e+09,"_runtime":7.9225052,"_step":999,"Validation Loss":0.4263047853679669,"_wandb":{"runtime":7},"Epoch":500,"Train Loss":0.15253683735172768}