{"r2":-100.14763677743154,"_step":999,"_timestamp":1.728778282488509e+09,"_runtime":2.3359779,"epoch":999,"_wandb":{"runtime":2},"rmse":11.203908420485556,"loss":233.73724124064537,"val_loss":125.52756389462716}