{"_runtime":1.8614682,"_step":299,"_wandb":{"runtime":1},"_timestamp":1.7287699017530327e+09,"Train Accuracy":0.41945945945945945,"Validation Loss":1.451266292654331,"Epoch":100,"Train Loss":1.455236878044109,"Validation Accuracy":0.46601941747572817}