{"_step":1499,"_timestamp":1.7287704484474049e+09,"_wandb":{"runtime":6},"_runtime":6.5634988,"Validation Accuracy":0.6601941747572816,"Epoch":500,"Validation Loss":0.9576793995645994,"Train Accuracy":0.6043243243243244,"Train Loss":0.9565634392876262}