{"Validation Loss":0.9407555911236158,"Train Loss":0.940281728370153,"Train Accuracy":0.6162162162162163,"Validation Accuracy":0.6601941747572816,"_runtime":7.23616,"_wandb":{"runtime":7},"_timestamp":1.7287696307441764e+09,"Epoch":500,"_step":1499}