{"Validation Accuracy":0.5807860262008734,"Train Loss":1.5274105805847344,"_timestamp":1.7287440007343345e+09,"_runtime":70.0799055,"Epoch":500,"_step":1500,"Train Accuracy":0.5153172866520788,"_wandb":{"runtime":70},"Validation Loss":0.98451119572607}