{"Validation Loss":0.42630478640134484,"_wandb":{"runtime":8},"_timestamp":1.7288168240342965e+09,"_runtime":8.2111566,"_step":951,"Epoch":476,"Train Loss":0.3115630335742587}