{"Train Loss":2.309959929844157,"_timestamp":1.7288043466486895e+09,"_runtime":1.6481094,"_step":377,"Validation Loss":12.89775487957731,"_wandb":{"runtime":1},"Epoch":189}