{"Train MSE":0.4175920497719147,"Validation R-squared":0.71748397432288,"Validation Loss":17.881198506558007,"Validation RMSE":4.228616618535902,"_wandb":{"runtime":6},"Epoch":1000,"Validation MSE":17.881198506558007,"_timestamp":1.7288061028607905e+09,"_step":2000,"Train R-squared":0.9951930967206618,"Train Loss":0.4188825053301083,"Train RMSE":0.6462136254923094,"_runtime":6.1785968}