{"_runtime":1.8314922999999999,"Validation Loss":16.780018131737055,"_wandb":{"runtime":1},"_step":291,"Epoch":146,"Train Loss":2.3053922079049127,"_timestamp":1.7288040706960166e+09}