{"_runtime":34.2892054,"Validation Accuracy":0.6419213973799127,"Train Loss":1.4200986537423477,"_wandb":{"runtime":34},"Train Accuracy":0.611597374179431,"_step":1500,"Epoch":500,"Validation Loss":0.888880429077344,"_timestamp":1.7287485607628138e+09}