{"_step":999,"Validation Loss":0.17043831681506258,"_wandb":{"runtime":7},"Epoch":500,"Train Loss":0.1525368373517821,"_timestamp":1.7288181380766904e+09,"_runtime":7.8321735}