{"_timestamp":1.7288042891183553e+09,"_runtime":7.4841982,"Validation Loss":24.759771461816428,"_wandb":{"runtime":7},"_step":1999,"Epoch":1000,"Train Loss":0.013897391699691718}