{"rmse":582.5081124210216,"_wandb":{"runtime":4},"epoch":999,"_timestamp":1.7288025029785366e+09,"r2":-273412.90381884394,"_runtime":4.9843927,"_step":999,"val_loss":339315.70103630156,"loss":510840.94595182914}