{"_timestamp":1.7287512110519285e+09,"Train Loss":0.942173496949143,"Train Accuracy":0.6172972972972973,"Validation Loss":0.940319257886838,"Epoch":500,"_runtime":7.384723,"_step":1499,"Validation Accuracy":0.6601941747572816,"_wandb":{"runtime":7}}