{"Train MSE":4.997205052776797,"_runtime":17.9345432,"Validation RMSE":3.263234150090945,"Epoch":1000,"Validation MSE":10.648697118319774,"Train RMSE":2.235442920939114,"Train Loss":108.17795585503283,"_wandb":{"runtime":17},"_timestamp":1.7288065048379338e+09,"Validation R-squared":0.8317547010395445,"Validation Loss":10.648697118319774,"Train R-squared":0.9424771583442781,"_step":2000}