{"Validation Accuracy":0.6550218340611353,"_runtime":7.752717,"Validation Loss":0.8897107831808476,"_step":1500,"Epoch":500,"_timestamp":1.7287495334906807e+09,"Train Loss":0.9510907306507048,"Train Accuracy":0.6072210065645515,"_wandb":{"runtime":7}}