{"_timestamp":1.7287494749582124e+09,"Validation Loss":0.889143871839789,"_wandb":{"runtime":7},"_step":1500,"Epoch":500,"Validation Accuracy":0.6506550218340611,"Train Loss":0.9524378754190246,"_runtime":7.8106783,"Train Accuracy":0.6094091903719913}