{"Train Loss":0.9526555938161064,"Epoch":500,"_wandb":{"runtime":7},"_step":1500,"_runtime":7.6797908,"Train Accuracy":0.6050328227571116,"Validation Accuracy":0.6506550218340611,"Validation Loss":0.8899031127028016,"_timestamp":1.7287493078056417e+09}