{"_wandb":{"runtime":31},"Train Loss":1.523705861553903,"_step":1500,"_timestamp":1.728744525069325e+09,"_runtime":31.8133941,"Epoch":500,"Validation Loss":0.9931922621665465,"Train Accuracy":0.49452954048140046,"Validation Accuracy":0.5589519650655022}