{"_wandb":{"runtime":113},"Epoch":500,"Train Loss":1.21440019497275,"_timestamp":1.7288131562325487e+09,"_runtime":113.2498936,"_step":499}