{"Validation Loss":0.9421130358769325,"Epoch":500,"Validation Accuracy":0.6601941747572816,"_timestamp":1.728770437790269e+09,"_wandb":{"runtime":7},"_step":1499,"Train Loss":0.9401005798317319,"_runtime":7.3903929,"Train Accuracy":0.6172972972972973}