{"_wandb":{"runtime":1029},"Epoch":500,"_timestamp":1.7288346381917918e+09,"_runtime":1029.1132199,"Validation Loss":2.7244318973667183,"_step":1499,"Train Loss":2.6533526096111273,"Train Accuracy":0.3035855263157895,"Validation Accuracy":0.2917105263157895}