{"_runtime":7.1218923,"Validation Accuracy":0.6601941747572816,"_timestamp":1.7288370111521385e+09,"_wandb":{"runtime":55},"Train Loss":0.9394775963417158,"Epoch":500,"_step":1499,"Validation Loss":0.940711533326258,"Train Accuracy":0.6183783783783784}