{"Train Loss":0.15253683735171972,"_timestamp":1.7288173455087178e+09,"_runtime":7.5247967,"_step":999,"Validation Loss":0.17043831681622304,"_wandb":{"runtime":7},"Epoch":500}