{"_step":1500,"Validation Loss":0.8820302862616693,"Train Accuracy":0.5940919037199125,"_timestamp":1.7287489621919842e+09,"Train Loss":1.4975511601700113,"_wandb":{"runtime":36},"Epoch":500,"Validation Accuracy":0.6375545851528385,"_runtime":36.073459}