{"_timestamp":1.7287700026524248e+09,"_wandb":{"runtime":7},"Epoch":500,"Validation Loss":1.2612370513340854,"Train Loss":0.43702942049707466,"Validation Accuracy":0.6116504854368932,"_step":1499,"_runtime":7.2593118,"Train Accuracy":0.8572972972972973}