{"r2":-77.84236065850074,"epoch":999,"loss":112.87798027384949,"val_loss":97.84597822033764,"_timestamp":1.7288012779597852e+09,"_runtime":4.9078096,"rmse":9.891712602999425,"_step":999,"_wandb":{"runtime":4}}