{"_runtime":6.2114824,"Train Accuracy":0.6039387308533917,"Validation Loss":0.8864522962909512,"Validation Accuracy":0.6157205240174672,"_wandb":{"runtime":6},"Epoch":500,"Train Loss":0.9160894013514397,"_timestamp":1.7287438887549322e+09,"_step":1500}