{"_runtime":7.3853358,"Validation Loss":0.17043831681556837,"_wandb":{"runtime":7},"_step":999,"Epoch":500,"Train Loss":0.15253683735185758,"_timestamp":1.7288177896709406e+09}