{"_timestamp":1.7287495756105003e+09,"Validation Loss":0.8880531719822146,"Epoch":500,"Validation Accuracy":0.6506550218340611,"Train Loss":0.9496343948452942,"_runtime":7.7760674,"_wandb":{"runtime":7},"_step":1500,"Train Accuracy":0.6083150984682714}