{"_step":1500,"_wandb":{"runtime":1},"Train Loss":1.3491941567199055,"_runtime":1.1327175,"Validation Loss":1.3155297188969548,"Validation Accuracy":0.4192139737991266,"_timestamp":1.7287485217621746e+09,"Train Accuracy":0.4234135667396061,"Epoch":500}