{"Epoch":500,"Train Loss":0.15253683735179796,"Validation Loss":0.1704383168154206,"_wandb":{"runtime":7},"_timestamp":1.7288184795896518e+09,"_runtime":7.5390553,"_step":999}