{"Train Accuracy":0.4234135667396061,"Validation Accuracy":0.4192139737991266,"_timestamp":1.7287438532255557e+09,"_step":1500,"_wandb":{"runtime":1},"_runtime":1.3091168,"Epoch":500,"Validation Loss":1.1299999991705145,"Train Loss":1.1972818338501081}