{"Train Loss":1.349026260321361,"Train Accuracy":0.4234135667396061,"Validation Precision":0.08384279475982533,"Validation Loss":1.3153398497300548,"_wandb":{"runtime":1},"_step":2000,"Epoch":500,"_timestamp":1.728737225442544e+09,"Validation Accuracy":0.4192139737991266,"Validation Recall":0.2,"Validation F1 Score":0.11815384615384614,"_runtime":1.7051837}