{"_timestamp":1.728748745437387e+09,"_step":1500,"Train Accuracy":0.4234135667396061,"Epoch":500,"Validation Loss":1.125087672742905,"_wandb":{"runtime":36},"Train Loss":1.1971034904340208,"Validation Accuracy":0.4192139737991266,"_runtime":36.1785784}