{"Epoch":1000,"Validation MSE":12.694523066139068,"Train RMSE":0.7219114080487051,"_timestamp":1.728806113671401e+09,"Validation RMSE":3.5629374210248304,"Validation R-squared":0.7994314417349148,"Train R-squared":0.9940009708601616,"Validation Loss":12.694523066139068,"_step":2000,"Train MSE":0.5211560810708641,"_wandb":{"runtime":6},"Train Loss":0.5225990396964656,"_runtime":6.1385867}