{"Epoch":500,"Validation Loss":0.8819719000208169,"_timestamp":1.7287444863923404e+09,"_runtime":35.7189903,"Validation Accuracy":0.6375545851528385,"_step":1500,"Train Accuracy":0.5940919037199125,"_wandb":{"runtime":35},"Train Loss":1.4970055930856074}