{"Train Loss":0.15253683735185633,"_timestamp":1.72881798143839e+09,"_runtime":7.3987211,"_step":999,"Validation Loss":0.17043831681302035,"_wandb":{"runtime":7},"Epoch":500}