{"Validation Loss":4.468527907766947,"Train Accuracy":0.40216216216216216,"Validation Accuracy":0.36893203883495146,"_timestamp":1.7287699178379142e+09,"Train Loss":4.208373577702186,"Epoch":100,"_step":299,"_runtime":1.8584927,"_wandb":{"runtime":1}}