{"Validation Loss":1.7004095424155194,"Train Loss":1.705414526466792,"_runtime":1.5141033,"Validation Accuracy":0.4192139737991266,"_timestamp":1.7287444241833878e+09,"Epoch":500,"_wandb":{"runtime":1},"_step":1500,"Train Accuracy":0.4234135667396061}