{"Epoch":500,"Train Loss":0.8974109877643098,"_wandb":{"runtime":8},"_runtime":8.4858968,"Validation Loss":0.895025705475331,"Validation Accuracy":0.6504854368932039,"Train Accuracy":0.6313513513513513,"_step":1499,"_timestamp":1.7287704259034357e+09}