{"Train Loss":0.31156303367211496,"_timestamp":1.7288165005414329e+09,"_runtime":7.7129263,"Validation Loss":0.426304785383305,"_wandb":{"runtime":7},"_step":999,"Epoch":500}