{"_wandb":{"runtime":6},"_step":1499,"Validation Loss":1.1972879482661942,"Validation Accuracy":0.5242718446601942,"Epoch":500,"Train Loss":1.172837730230545,"_timestamp":1.7287704582526574e+09,"Train Accuracy":0.44756756756756755,"_runtime":6.2349755}