{"Validation Accuracy":0.6504854368932039,"Validation Loss":0.943132654065829,"Epoch":500,"Train Loss":0.9402670093904744,"Train Accuracy":0.6162162162162163,"_timestamp":1.7288368398991568e+09,"_runtime":7.1432768,"_step":1499,"_wandb":{"runtime":7}}