{"_wandb":{"runtime":28},"Train Accuracy":0.6258205689277899,"Epoch":500,"Validation Loss":0.8786446347239713,"_runtime":28.2941729,"Train Loss":1.3401784997325634,"Validation Accuracy":0.6157205240174672,"_timestamp":1.7287443507885509e+09,"_step":1500}