{"Train RMSE":2.2365181845899555,"Epoch":1000,"_runtime":16.3983258,"Train MSE":5.002013590001551,"_timestamp":1.728806215066463e+09,"Validation Loss":22.449722832813524,"Validation R-squared":0.645303055611554,"Validation MSE":22.449722832813524,"_wandb":{"runtime":16},"Train Loss":102.71708087113849,"_step":2000,"Validation RMSE":4.738113847599435,"Train R-squared":0.9424218072585304}