{"_runtime":8.5482745,"_step":999,"Validation Loss":0.4263047853707553,"_wandb":{"runtime":8},"Epoch":500,"Train Loss":0.31156303367294974,"_timestamp":1.7288167194137385e+09}