{"Epoch":500,"Train Loss":0.152536837351825,"_timestamp":1.7288182988513358e+09,"_runtime":7.6463597,"_step":999,"Validation Loss":0.17043831681509386,"_wandb":{"runtime":7}}