{"Epoch":500,"_timestamp":1.7287696197174323e+09,"Train Loss":1.1890167012607633,"Train Accuracy":0.41945945945945945,"_wandb":{"runtime":5},"_step":1499,"_runtime":5.5156053,"Validation Accuracy":0.46601941747572817,"Validation Loss":1.2287396745936499}