{"_timestamp":1.728817458817594e+09,"_runtime":8.357388,"_step":999,"Validation Loss":0.5611034655694176,"_wandb":{"runtime":8},"Epoch":500,"Train Loss":0.4765804426441573}