{"Epoch":1000,"_timestamp":1.7288061210769997e+09,"_wandb":{"runtime":2},"Train Loss":4.704917970726676,"Validation Loss":13.295577114519883,"Train RMSE":2.1682261530181557,"Validation MSE":13.295577114519883,"_runtime":2.7625809,"_step":2000,"Train R-squared":0.9458844198200003,"Train MSE":4.70120465063191,"Validation RMSE":3.6463100683457905,"Validation R-squared":0.7899350200658966}