{"_wandb":{"runtime":1},"Epoch":500,"_timestamp":1.7287379298223054e+09,"Validation Accuracy":0.611353711790393,"Validation F1 Score":0.3293274791175841,"_step":2000,"Validation Precision":0.34703742203742205,"Validation Loss":0.913687694047324,"Train Loss":0.9838002808256977,"_runtime":1.8490334000000002,"Validation Recall":0.32707847707847704,"Train Accuracy":0.6094091903719913}