{"_timestamp":1.7287696375675673e+09,"_step":1499,"Validation Accuracy":0.6407766990291263,"Validation Loss":0.9465906135284003,"_wandb":{"runtime":3},"Train Accuracy":0.6172972972972973,"Epoch":500,"Train Loss":0.939008356507382,"_runtime":3.2900523}