{"_step":2000,"Validation Loss":1.1383121124568787,"Validation Precision":0.08384279475982533,"Validation F1 Score":0.11815384615384614,"Validation Accuracy":0.4192139737991266,"Validation Recall":0.2,"Epoch":500,"Train Accuracy":0.4234135667396061,"_wandb":{"runtime":6},"Train Loss":1.2011309117927043,"_timestamp":1.728737902236162e+09,"_runtime":6.5842332}