{"_runtime":17.9418631,"_timestamp":1.728806280556236e+09,"Train R-squared":0.9472547410018337,"Train MSE":4.582160185221642,"Validation RMSE":4.4724200111136385,"Epoch":1000,"_step":2000,"Validation MSE":20.002540755809715,"Train RMSE":2.140598090539567,"Train Loss":108.61000701774174,"_wandb":{"runtime":17},"Validation Loss":20.002540755809715,"Validation R-squared":0.6839675866411621}