{"_runtime":1.5374151999999999,"Train Accuracy":0.4234135667396061,"_step":1500,"Train Loss":1.198221210818578,"_timestamp":1.7287492482950776e+09,"Validation Loss":1.1316317149093742,"Validation Accuracy":0.4192139737991266,"Epoch":500,"_wandb":{"runtime":1}}