{"Epoch":100,"_wandb":{"runtime":1},"_runtime":1.8180558,"_step":299,"Train Loss":1.1959785773413634,"Validation Loss":1.2185615078337027,"Validation Accuracy":0.46601941747572817,"Train Accuracy":0.41945945945945945,"_timestamp":1.728769907395182e+09}