{"Train Loss":1.2141725839198454,"_timestamp":1.728813236024733e+09,"_runtime":5.3657093,"_step":43,"Epoch":22,"Validation Loss":1.1567995289561028,"_wandb":{"runtime":5}}