{"_wandb":{"runtime":1},"_timestamp":1.7287493439918416e+09,"Validation Accuracy":0.4192139737991266,"Epoch":500,"Train Loss":1.202206935767895,"_runtime":1.9890693000000002,"_step":1500,"Train Accuracy":0.4234135667396061,"Validation Loss":1.1370026793400008}