{"_wandb":{"runtime":7},"_runtime":7.5344304,"_step":999,"Epoch":500,"Train Loss":0.15253683735182605,"_timestamp":1.7288179163342156e+09,"Validation Loss":0.1704383168160706}