{"_timestamp":1.7287439044699945e+09,"Validation Accuracy":0.6157205240174672,"Epoch":500,"Validation Loss":0.8865487387246022,"_wandb":{"runtime":5},"Train Loss":0.9158585576825112,"_runtime":5.8909064,"_step":1500,"Train Accuracy":0.5995623632385121}