{"_wandb":{"runtime":2},"Train Loss":4.568137608028829,"_runtime":2.8675376,"Validation Loss":16.319551450841953,"Validation MSE":16.319551450841953,"Train R-squared":0.9474490483395313,"Train MSE":4.565280045406133,"Validation RMSE":4.039746458732522,"Validation R-squared":0.7421573942577613,"Epoch":1000,"_timestamp":1.7288061320246377e+09,"Train RMSE":2.1366515966357578,"_step":2000}