{"Validation Accuracy":0.5895196506550219,"_runtime":7.5564541,"_step":1500,"Epoch":500,"Train Accuracy":0.8424507658643327,"_wandb":{"runtime":7},"Validation Loss":1.3805158777979067,"_timestamp":1.728749328700856e+09,"Train Loss":0.4253618862284058}