{"_runtime":3.3962726,"Train Accuracy":0.4234135667396061,"_step":1500,"Epoch":500,"_wandb":{"runtime":3},"Validation Accuracy":0.4192139737991266,"Validation Loss":1.174845454315053,"_timestamp":1.728744533933816e+09,"Train Loss":1.2300674802329712}