{"_wandb":{"runtime":1},"Train Accuracy":0.4234135667396061,"Epoch":500,"_step":1500,"Train Loss":1.346892283700054,"Validation Loss":1.3129604966084008,"_timestamp":1.7287487048439832e+09,"_runtime":1.3844125,"Validation Accuracy":0.4192139737991266}