{"Epoch":500,"Validation Accuracy":0.6200873362445415,"Train Loss":0.9172850909264388,"Train Accuracy":0.6083150984682714,"_runtime":3.4015098,"_step":1500,"Validation Loss":0.8857283963431377,"_timestamp":1.728743864284124e+09,"_wandb":{"runtime":3}}