{"Validation Loss":0.8868685616730335,"Epoch":500,"Train Accuracy":0.6072210065645515,"Train Loss":0.9179675337406432,"_runtime":3.543097,"Validation Accuracy":0.6244541484716157,"_step":1500,"_wandb":{"runtime":3},"_timestamp":1.728743875257055e+09}