{"_runtime":7.3052147,"Train Accuracy":0.41945945945945945,"Epoch":500,"_timestamp":1.7287700141433454e+09,"_wandb":{"runtime":7},"Validation Accuracy":0.46601941747572817,"_step":1499,"Train Loss":5.915148447542219,"Validation Loss":5.368214685220737}