{"Train Accuracy":0.4234135667396061,"_step":2000,"Validation Recall":0.2,"Validation Loss":1.1524316026256656,"_wandb":{"runtime":2},"_timestamp":1.7287378340732977e+09,"Validation Precision":0.08384279475982533,"Validation F1 Score":0.11815384615384614,"Train Loss":1.2119818188192448,"Epoch":500,"_runtime":2.3911299,"Validation Accuracy":0.4192139737991266}