{"Epoch":500,"Train Loss":0.4765804426441573,"_timestamp":1.7288186958812273e+09,"_runtime":8.1883489,"_step":999,"Validation Loss":0.5611034655694176,"_wandb":{"runtime":8}}