{"Validation Loss":0.8819421525224084,"_timestamp":1.72874891265297e+09,"_runtime":34.2833357,"_step":1500,"Train Loss":1.4977577147844876,"Train Accuracy":0.5940919037199125,"Epoch":500,"_wandb":{"runtime":34},"Validation Accuracy":0.6375545851528385}