{"Train Loss":0.9504074031236879,"_timestamp":1.7287495545513527e+09,"Validation Accuracy":0.6506550218340611,"_step":1500,"_wandb":{"runtime":7},"_runtime":7.7821819,"Validation Loss":0.8870504484647272,"Epoch":500,"Train Accuracy":0.6083150984682714}