{"_step":1500,"Train Accuracy":0.4234135667396061,"_timestamp":1.7287437991544633e+09,"Validation Accuracy":0.4192139737991266,"_wandb":{"runtime":7},"_runtime":7.3197567,"Train Loss":1.197732277091801,"Epoch":500,"Validation Loss":1.1283447886734255}