{"_timestamp":1.7287699919227352e+09,"_runtime":7.2809172,"Validation Loss":0.9409763185281828,"Epoch":500,"Train Loss":0.9393273722407414,"_step":1499,"Train Accuracy":0.6183783783783784,"Validation Accuracy":0.6601941747572816,"_wandb":{"runtime":7}}