{"_timestamp":1.7287488648882782e+09,"_runtime":32.1350652,"Validation Loss":0.8912860450856952,"_wandb":{"runtime":32},"Validation Accuracy":0.6462882096069869,"_step":1500,"Epoch":500,"Train Loss":1.4166571860189403,"Train Accuracy":0.612691466083151}