{"Validation Loss":1.2911804958025102,"_wandb":{"runtime":7},"Validation Accuracy":0.611353711790393,"_timestamp":1.728749383273991e+09,"Train Accuracy":0.8172866520787746,"_runtime":7.669355,"_step":1500,"Epoch":500,"Train Loss":0.5371851929098532}