{"_step":999,"Validation Loss":0.17043831681431212,"_wandb":{"runtime":7},"Epoch":500,"Train Loss":0.152536837351752,"_timestamp":1.7288183522270555e+09,"_runtime":7.4751386}