{"Train R-squared":0.993229771377556,"Train Loss":0.5896507202848695,"Validation R-squared":0.8235235627649871,"Validation Loss":11.169667980307267,"_wandb":{"runtime":6},"_step":2000,"Train RMSE":0.7669112107402198,"Validation RMSE":3.3421053215461756,"_runtime":6.1215641,"Train MSE":0.5881528051590299,"_timestamp":1.7288059950720873e+09,"Validation MSE":11.169667980307267,"Epoch":1000}