{"_wandb":{"runtime":7},"_runtime":7.6636167,"_step":1500,"Train Accuracy":0.688183807439825,"Train Loss":0.7088433313589005,"_timestamp":1.7287494255138967e+09,"Validation Accuracy":0.5720524017467249,"Validation Loss":1.1407413892549376,"Epoch":500}