{"Train Loss":105.8607844273085,"Validation Loss":16.108840209963155,"_wandb":{"runtime":8},"_timestamp":1.7288074347721667e+09,"_runtime":8.2221443,"_step":847,"Epoch":424}