{"Validation Accuracy":0.6026200873362445,"_step":1500,"Train Accuracy":0.5339168490153173,"_wandb":{"runtime":4},"_runtime":4.8525661,"Epoch":500,"_timestamp":1.7287489893430166e+09,"Validation Loss":1.0993662954542165,"Train Loss":1.178272138964204}