{"Epoch":500,"_timestamp":1.7287494911161375e+09,"_runtime":7.7969794,"Train Loss":0.9529355518021367,"Validation Accuracy":0.6462882096069869,"_wandb":{"runtime":7},"_step":1500,"Train Accuracy":0.6061269146608315,"Validation Loss":0.8894389507906819}