{"Validation MSE":19.88858694861414,"_timestamp":1.7288059750667205e+09,"Validation Loss":19.88858694861414,"Validation RMSE":4.459662201177814,"Epoch":1000,"Train MSE":2.5348369878245283,"_wandb":{"runtime":27},"Train RMSE":1.5921171401076393,"_runtime":27.7441235,"_step":2000,"Train Loss":94.90093430669472,"Validation R-squared":0.6857680127539791,"Train R-squared":0.9708214841829085}