{"_timestamp":1.7287492166286356e+09,"_step":1500,"Epoch":500,"Train Loss":30.11751070759717,"_wandb":{"runtime":39},"Validation Loss":4.626092775548033,"_runtime":39.5080953,"Train Accuracy":0.424507658643326,"Validation Accuracy":0.45414847161572053}