{"_step":999,"Epoch":500,"Train Loss":0.4765804426441573,"_timestamp":1.7288188502530148e+09,"_runtime":8.0773124,"Validation Loss":0.5611034655694176,"_wandb":{"runtime":8}}