{"Epoch":500,"Train Accuracy":0.4234135667396061,"_timestamp":1.7287485162102406e+09,"_wandb":{"runtime":1},"Train Loss":1.1969374556139587,"_runtime":1.1142844,"Validation Accuracy":0.4192139737991266,"Validation Loss":1.1299448634325853,"_step":1500}