{"Epoch":500,"_step":1500,"Validation Loss":1.1497497981006544,"_timestamp":1.7287493496034794e+09,"_runtime":3.3071146000000002,"Train Accuracy":0.4234135667396061,"_wandb":{"runtime":3},"Validation Accuracy":0.4192139737991266,"Train Loss":1.2104226823551758}