{"Validation Accuracy":0.6419213973799127,"_runtime":42.775538,"_wandb":{"runtime":42},"Train Loss":1.4662053593637896,"Train Accuracy":0.611597374179431,"Epoch":500,"_step":1500,"_timestamp":1.72874929517552e+09,"Validation Loss":0.8901982601357232}