{"_runtime":35.4252457,"Validation Accuracy":0.5764192139737991,"_step":1500,"_wandb":{"runtime":35},"Epoch":500,"Train Accuracy":0.6652078774617067,"Train Loss":1.8634647902352457,"Validation Loss":1.1198490902984428,"_timestamp":1.7287491321075518e+09}