{"Validation Accuracy":0.611353711790393,"Activation Function":"linear","Validation Loss":0.9162071411173265,"Epoch":500,"_runtime":113.4307785,"Validation Precision":0.3350912327547842,"Learning Rate":0.1,"_timestamp":1.7287360399792843e+09,"Hidden Layers":"[32, 64]","Train Loss":0.9841663270399996,"_wandb":{"runtime":113},"Optimizer":"batch","_step":216107,"Train Accuracy":0.6170678336980306,"Validation Recall":0.3213432400932401,"Validation F1 Score":0.3216406082672949}