{"_runtime":7.6980931,"_step":1500,"Validation Accuracy":0.6506550218340611,"_timestamp":1.7287495876132243e+09,"Validation Loss":0.887294628672873,"Train Loss":0.9491238180570739,"Epoch":500,"Train Accuracy":0.6050328227571116,"_wandb":{"runtime":7}}