{"Validation Accuracy":0.6681222707423581,"Epoch":500,"_wandb":{"runtime":1},"_step":2000,"Validation F1 Score":0.3932211221122112,"_timestamp":1.7287373342001038e+09,"Train Accuracy":0.6105032822757112,"Train Loss":0.9491169079076858,"Validation Recall":0.39310897435897435,"Validation Loss":0.9038707921947038,"Validation Precision":0.39570164563626176,"_runtime":1.2882063000000001}