{"Validation Loss":1.169387977728336,"Validation Accuracy":0.6244541484716157,"_wandb":{"runtime":7},"_timestamp":1.7287491579415147e+09,"Train Loss":0.5488487063355368,"_step":1500,"Epoch":500,"_runtime":7.7903068,"Train Accuracy":0.7975929978118161}