{"Validation Accuracy":0.6593886462882096,"_timestamp":1.7287372325513694e+09,"_wandb":{"runtime":2},"Validation Precision":0.39019495412844035,"Train Loss":0.9614792830984409,"Epoch":500,"Validation Recall":0.39474067599067597,"_runtime":2.6952553999999997,"Validation F1 Score":0.3916697936210132,"_step":2000,"Train Accuracy":0.611597374179431,"Validation Loss":0.8893804539571677}