{"Train Loss":1.1954528753131013,"Train Accuracy":0.41945945945945945,"Validation Accuracy":0.46601941747572817,"_wandb":{"runtime":1},"_runtime":1.8559048,"_step":299,"Validation Loss":1.2180480705088328,"_timestamp":1.7287507616470616e+09,"Epoch":100}