{"Validation Loss":0.9135130000054719,"Epoch":500,"_wandb":{"runtime":3},"Train Loss":0.944533981683246,"_timestamp":1.728744443187954e+09,"Train Accuracy":0.6072210065645515,"Validation Accuracy":0.6419213973799127,"_step":1500,"_runtime":3.3824658}