{"_wandb":{"runtime":3},"_timestamp":1.7288059396651113e+09,"Train RMSE":5.49759328674983,"Train MSE":30.223531946516804,"Train Loss":30.233366890602277,"_step":2000,"Validation Loss":30.013639474589716,"Validation RMSE":5.478470541546218,"Validation R-squared":0.5257960959743736,"Epoch":1000,"Validation MSE":30.013639474589716,"Train R-squared":0.6520968373170757,"_runtime":3.206428}