{"Validation Precision":0.08384279475982533,"Learning Rate":0.1,"Optimizer":"batch","Activation Function":"linear","Validation Loss":1.2061764255964726,"Validation F1 Score":0.11815384615384614,"Validation Accuracy":0.4192139737991266,"_step":43307,"Validation Recall":0.2,"Train Accuracy":0.4234135667396061,"_timestamp":1.7287353075759642e+09,"_wandb":{"runtime":23},"Epoch":100,"Train Loss":1.2556726241431408,"Hidden Layers":"[32, 64]","_runtime":23.189149}