{"_wandb":{"runtime":1},"Validation Precision":0.08384279475982533,"Validation Accuracy":0.4192139737991266,"Validation Loss":1.129948768543738,"_runtime":1.4267787,"_step":2000,"Epoch":500,"_timestamp":1.72873732319527e+09,"Train Accuracy":0.4234135667396061,"Validation Recall":0.2,"Validation F1 Score":0.11815384615384614,"Train Loss":1.1966731490725753}