{"Validation Accuracy":0.5807860262008734,"_timestamp":1.7287491437592182e+09,"Train Accuracy":0.5678336980306345,"_step":1500,"Epoch":500,"Train Loss":1.0338781073873482,"Validation Loss":0.9642609780594972,"_wandb":{"runtime":4},"_runtime":4.6751107}