{"_timestamp":1.728807469608248e+09,"_runtime":19.2179091,"_step":1999,"Validation Loss":10.147551131400979,"_wandb":{"runtime":19},"Epoch":1000,"Train Loss":105.6577401606896}