{"_wandb":{"runtime":8},"_step":999,"Epoch":500,"Train Loss":1.21440019497275,"_timestamp":1.7288132694224856e+09,"_runtime":8.3628443,"Validation Loss":1.1553098475450978}