{"_wandb":{"runtime":25},"Train MSE":0.43207084344940655,"Validation MSE":15.0875923157549,"Epoch":1000,"_timestamp":1.728806175790996e+09,"_step":2000,"Validation Loss":15.0875923157549,"Validation RMSE":3.884275005165687,"Train Loss":107.32852641576204,"Train R-squared":0.9950264312852274,"Train RMSE":0.6573209592348372,"_runtime":25.0401819,"Validation R-squared":0.7616218724645083}