{"Epoch":500,"Validation Loss":1.2349233061958376,"Train Loss":1.2258635299584726,"Train Accuracy":0.41945945945945945,"_timestamp":1.7287699806299803e+09,"_step":1499,"_wandb":{"runtime":7},"Validation Accuracy":0.46601941747572817,"_runtime":7.2753423}