{"_wandb":{"runtime":7},"Validation Loss":1.3113952719674362,"Validation Accuracy":0.5764192139737991,"Train Accuracy":0.8063457330415755,"_timestamp":1.728749404537456e+09,"_runtime":7.7287282,"_step":1500,"Epoch":500,"Train Loss":0.507933588621101}