{"_wandb":{"runtime":20},"_step":2000,"Train RMSE":5.902450615191961,"_timestamp":1.7288059192190132e+09,"Validation R-squared":0.48464129727511385,"Epoch":1000,"Validation Loss":32.618437284820615,"Train MSE":34.838923264779964,"Train R-squared":0.5989690546514195,"Validation MSE":32.618437284820615,"Train Loss":118.16844081059836,"_runtime":20.2875242,"Validation RMSE":5.711255316024719}