{"Train Loss":4.029983985876784,"_timestamp":1.7288075965393636e+09,"_runtime":1.3859943000000001,"_step":515,"Validation Loss":13.215240337728687,"_wandb":{"runtime":1},"Epoch":258}