{"_timestamp":1.728749172741307e+09,"_step":1500,"Validation Loss":1.702890027889061,"_wandb":{"runtime":1},"Train Loss":1.707750984841875,"Epoch":500,"Train Accuracy":0.4234135667396061,"Validation Accuracy":0.4192139737991266,"_runtime":1.5024894}