{"_timestamp":1.7288272734637947e+09,"_runtime":420.3679508,"_wandb":{"runtime":424},"_step":53,"Epoch":54,"Train Loss":1.0032954218140397}