{"Validation Accuracy":0.6157205240174672,"_runtime":6.1079381,"_step":1500,"_wandb":{"runtime":6},"Train Loss":0.9164712595103844,"Epoch":500,"_timestamp":1.7287439253861113e+09,"Train Accuracy":0.5995623632385121,"Validation Loss":0.8859406438064471}