{"Validation Loss":0.170438316816205,"_wandb":{"runtime":7},"_runtime":7.5982679,"_step":999,"Epoch":500,"Train Loss":0.15253683735170379,"_timestamp":1.728817944096753e+09}