{"Validation Loss":0.9130652147074023,"_wandb":{"runtime":3},"Epoch":500,"Train Loss":0.9461026317679089,"_runtime":3.4735484,"Validation Accuracy":0.6462882096069869,"_timestamp":1.7287443150650656e+09,"_step":1500,"Train Accuracy":0.6050328227571116}