{"Validation R-squared":0.7612594688651824,"Train MSE":4.341238183250693,"Train RMSE":2.083563817897281,"_timestamp":1.7288060880006979e+09,"Validation Loss":15.110529813489789,"Epoch":1000,"Validation MSE":15.110529813489789,"Validation RMSE":3.8872264937214283,"Train R-squared":0.9500279948556161,"_wandb":{"runtime":17},"_runtime":17.8767368,"_step":2000,"Train Loss":103.96216629747876}