{"_timestamp":1.7288063560719094e+09,"Validation R-squared":0.7911512767102846,"Train Loss":105.99568742478141,"_step":2000,"_wandb":{"runtime":18},"Train R-squared":0.9500187413892619,"Validation RMSE":3.6357388469050567,"_runtime":18.0021661,"Train MSE":4.342042063370142,"Train RMSE":2.0837567188542288,"Validation MSE":13.218596962894512,"Validation Loss":13.218596962894512,"Epoch":1000}