{"_wandb":{"runtime":7},"Validation Precision":0.08384279475982533,"_runtime":7.4546216,"Validation Recall":0.2,"_step":2000,"Validation Accuracy":0.4192139737991266,"Epoch":500,"Validation Loss":1.3199330922690549,"Validation F1 Score":0.11815384615384614,"_timestamp":1.7287373130230367e+09,"Train Accuracy":0.4234135667396061,"Train Loss":1.3530993276489038}