{"Validation Loss":1.1234985960902677,"Train Accuracy":0.4234135667396061,"_step":1500,"_runtime":8.0138787,"_timestamp":1.7287437730590868e+09,"Epoch":500,"Train Loss":1.1952920115289585,"_wandb":{"runtime":8},"Validation Accuracy":0.4192139737991266}