{"_wandb":{"runtime":8},"Epoch":500,"Train Loss":1.21440019497275,"_timestamp":1.7288133542433846e+09,"_runtime":8.3230056,"_step":999,"Validation Loss":1.1553098475450978}