{"_wandb":{"runtime":7},"Train Loss":0.3115630336721676,"_timestamp":1.72881678562027e+09,"_runtime":7.5138698999999995,"_step":999,"Epoch":500,"Validation Loss":0.4263047853674067}