{"Validation Loss":0.1704383168163172,"_wandb":{"runtime":9},"Epoch":500,"Train Loss":0.1525368373517421,"_timestamp":1.7288185288649638e+09,"_runtime":9.3419809,"_step":999}