{"_timestamp":1.7288180845567691e+09,"_runtime":7.701323,"Validation Loss":0.17043831681534205,"_wandb":{"runtime":7},"_step":999,"Epoch":500,"Train Loss":0.15253683735177423}