{"_runtime":7.5543411,"_step":999,"Epoch":500,"Validation Loss":0.1704383168153198,"_wandb":{"runtime":7},"Train Loss":0.15253683735180604,"_timestamp":1.7288175674092257e+09}