{"Epoch":1000,"Validation MSE":16.85244673184569,"Validation R-squared":0.7337378547712972,"Validation RMSE":4.105173167096083,"_wandb":{"runtime":2},"_timestamp":1.7288062973659432e+09,"_runtime":2.6642723,"Train R-squared":0.9894849628451065,"Train Loss":0.9138174240449629,"Validation Loss":16.85244673184569,"_step":2000,"Train MSE":0.9134770690756231,"Train RMSE":0.9557599432261341}