{"_timestamp":1.7288062265554106e+09,"Train RMSE":0.6784759119240672,"Validation RMSE":4.36524869646701,"Validation R-squared":0.6989321048547638,"Epoch":1000,"Train MSE":0.4603295630611946,"Train Loss":0.4612434778737535,"_step":2000,"Validation Loss":19.055396182006927,"Validation MSE":19.055396182006927,"Train R-squared":0.9947011450829494,"_wandb":{"runtime":6},"_runtime":6.1524917}