{"_step":999,"Validation Loss":0.17043831681552493,"_wandb":{"runtime":7},"Epoch":500,"Train Loss":0.152536837351842,"_timestamp":1.7288176729740624e+09,"_runtime":7.3064923}