{"_wandb":{"runtime":27},"Train Loss":86.87654822176785,"_step":2000,"Train MSE":86.88290607576008,"_timestamp":1.7288060566588912e+09,"Validation RMSE":7.991131708725729,"Train R-squared":-0.00010938034407859121,"Train RMSE":9.321100046440876,"Validation R-squared":-0.008934658667062001,"Epoch":1000,"_runtime":27.4296222,"Validation Loss":63.85818598620179,"Validation MSE":63.85818598620179}